,Filename,Insertions,Deletions,Substitutions,WER,Word Count,transcription,Viterbi transcription,Decode speed,Backtrace speed,Forward computations
0,0000.wav,4,1,1,0.35294117647058826,17,peter piper picked a peck of pickled peppers where's the peck of pickled peppers peter piper picked,pickled the peter piper peck a the peck of pickled peppers where's peck of pickled peppers peter piper picked the,5.857040643692017,0.0019965171813964844,240318
1,0001.wav,5,0,1,0.8571428571428571,7,peter picked a peck of pickled peppers,pickled the picked the peter picked the peck of pickled peppers the,5.122591257095337,0.001821756362915039,136368
2,0002.wav,2,0,2,0.6666666666666666,6,a peck of pickled peppers picked,pickled the peck of picked peppers picked the,2.6107232570648193,0.0008399486541748047,102348
3,0003.wav,3,0,0,0.75,4,peter piper peter piper,pickled the peter piper peter piper the,2.275567054748535,0.000270843505859375,75468
4,0004.wav,2,2,1,0.7142857142857143,7,where's the peck of pickled peppers picked,pickled where's pickled pickled peppers picked the,2.551943302154541,0.00047469139099121094,98778
5,0005.wav,1,0,0,0.25,4,peter piper pickled peppers,peter piper pickled peppers the,1.4263854026794434,0.0004024505615234375,59298
6,0006.wav,1,0,0,0.5,2,where's peter,where's peter the,0.9074876308441162,0.00012826919555664062,35988
7,0007.wav,1,0,0,0.2,5,piper picked peppers of peter,piper picked peppers of peter the,1.4397144317626953,0.00022339820861816406,59298
8,0008.wav,1,0,0,0.16666666666666666,6,peter peppers picked piper of peck,peter peppers picked piper of peck the,1.610008716583252,0.00029087066650390625,66438
9,0009.wav,1,0,2,0.375,8,a peck of pickled peppers peter piper pickled,picked peck of picked peppers peter piper pickled the,2.031250476837158,0.00033473968505859375,84498
10,0010.wav,1,0,0,1.0,1,picked,the picked,0.945533275604248,7.939338684082031e-05,37878
11,0011.wav,2,0,0,2.0,1,pickled,the pickled the,1.1921117305755615,0.0001423358917236328,32418
12,0012.wav,2,0,0,2.0,1,peppers,the peppers the,1.4263062477111816,0.0005044937133789062,55728
13,0013.wav,2,0,0,2.0,1,piper,the piper the,1.4440948963165283,0.00013208389282226562,50268
14,0014.wav,2,0,0,2.0,1,peter,the peter the,1.09501051902771,0.000125885009765625,45018
15,0015.wav,3,1,0,0.6666666666666666,6,where's the peck of pickled peppers,the where's peck of the pickled peppers the,2.0535545349121094,0.00037384033203125,82608
16,0016.wav,3,0,0,1.0,3,peter piper picked,the peter piper the picked the,1.2613508701324463,0.00012159347534179688,52158
17,0017.wav,2,0,1,0.375,8,peter piper picked a peck of pickled peppers,the peter piper picked of peck of pickled peppers the,2.799791097640991,0.0007078647613525391,114948
18,0018.wav,2,0,1,0.5,6,picked a peck of pickled peppers,the picked the peck of pickled peppers the,1.8460309505462646,0.0001895427703857422,57618
19,0019.wav,5,0,0,1.6666666666666667,3,peter piper picked,the peter of piper the a picked the,2.829404592514038,0.00036644935607910156,104028
20,0020.wav,5,0,1,0.8571428571428571,7,peppers picked peter piper where's the peck,the peppers picked the picked piper where's the of the peck the,3.4735381603240967,0.0009555816650390625,141828
21,0021.wav,3,0,1,0.4,10,peter picked a peck piper pickled peppers of pickled peppers,the peter peck picked of peck piper pickled peppers of pickled peppers the,4.874065637588501,0.0006854534149169922,200838
22,0022.wav,6,0,1,0.875,8,peter piper piper peter peter peter piper piper,the peck piper the of piper the peter peter peter piper the piper the,3.654520034790039,0.0014019012451171875,150648
23,0023.wav,3,0,1,1.0,4,peter picked piper peppers,the of picked piper of peppers the,2.4164276123046875,0.0003323554992675781,97938
24,0024.wav,2,0,4,1.0,6,peter peter peter peter peter peter,the peter picked peter picked picked picked the,2.6252095699310303,0.000339508056640625,109488
25,0025.wav,2,0,1,0.42857142857142855,7,piper picked a peck of peter peppers,the piper picked of peck of peter peppers the,2.754910945892334,0.0003910064697265625,113058
26,0026.wav,3,1,1,0.625,8,pickled peppers peter piper picked a peck of,pickled of where's peter piper picked peck of the the,2.6413371562957764,0.00019431114196777344,109488
27,0027.wav,4,0,2,0.75,8,of peppers of picked a peter piper of,the of of where's of picked of peter piper of the the,3.2267048358917236,0.0006418228149414062,132798
28,0028.wav,3,0,1,0.8,5,pickled peppers peter piper picked,the pickled where's peter piper of picked the,2.076848268508911,0.00016999244689941406,84498
29,0029.wav,3,0,2,0.7142857142857143,7,peter picked a peck of pickled peppers,the a picked picked of peck of pickled peppers the,3.087249517440796,0.0003902912139892578,86178
30,0030.wav,2,1,1,0.4444444444444444,9,where's a peck of pickled peppers peter piper picked,the where's of peck pickled peppers peter piper picked the,3.5386836528778076,0.0004315376281738281,91638
31,0031.wav,1,1,1,0.6,5,peter piper picked the peppers,picked piper picked peppers the,2.1314806938171387,0.00024199485778808594,54048
32,0032.wav,4,1,1,1.2,5,pickled peppers picked peter piper,the pickled where's a picked piper of the,2.3682751655578613,0.0005364418029785156,61188
33,0033.wav,1,0,1,0.4,5,a peck of pickled peppers,the peck of pickled peppers the,1.6666579246520996,0.0003376007080078125,62868
34,0034.wav,1,0,0,0.2,5,where's the peck peter picked,the where's the peck peter picked,1.1546027660369873,8.988380432128906e-05,46698
35,0035.wav,2,0,0,0.5,4,pickled peppers piper picked,the pickled peppers piper picked where's,2.116105318069458,0.00017023086547851562,86178
36,0036.wav,2,0,0,0.6666666666666666,3,peter picked peppers,the peter picked peppers the,1.180849313735962,0.00019431114196777344,48588
37,0037.wav,2,1,0,0.375,8,peter piper picked a peck of pickled peppers,the peter piper picked peck of pickled peppers the,2.590998411178589,0.00035953521728515625,80928
38,0038.wav,3,2,1,0.75,8,peter piper picked a peck of pickled peppers,the peter a peck picked picked pickled peppers the,3.0287787914276123,0.00037217140197753906,79038
39,0039.wav,1,0,0,0.14285714285714285,7,peppers pickled peter of the piper peck,peppers pickled peter of the piper peck the,2.6984846591949463,0.0003151893615722656,70008
40,0040.wav,3,0,1,0.5,8,piper peter picked where's the pickled peppers peter,the peck peter picked where's the pickled peppers peter a the,2.280406951904297,0.0005407333374023438,96888
41,0041.wav,2,0,1,0.42857142857142855,7,peck pickled piper of the peter peppers,the peck pickled picked of the peter peppers the,1.8176648616790771,0.00013899803161621094,75468
42,0042.wav,1,0,2,0.2727272727272727,11,a peck of pickled peter picked the peppers of the peck,the peck of pickled peter peck the peppers of the peck the,2.221745014190674,0.0001704692840576172,93318
43,0043.wav,3,0,3,0.8571428571428571,7,where's the peck of peppers piper pickled,the where's of a of where's piper of pickled the,1.8927383422851562,0.00016546249389648438,79038
44,0044.wav,2,0,2,0.5,8,piper pickled peppers of the peck peter picked,the piper pickled peppers of the piper peter peck the,2.2435898780822754,0.00027441978454589844,91638
45,0045.wav,1,0,5,1.0,6,piper peter picked pickled piper peppers,pickled the where's pickled picked where's the,2.205238103866577,0.00023603439331054688,89748
46,0046.wav,1,2,4,0.6363636363636364,11,peter picked peppers of the pickled peck of peppers of piper,the where's of pickled peck where's of of of the,2.506354331970215,0.00032591819763183594,96888
47,0047.wav,2,2,2,0.35294117647058826,17,peter piper picked a peck of pickled peppers where's the peck of pickled peppers peter piper picked,the of piper picked peck of peppers where's the peck of picked peppers peter piper picked the,4.336237192153931,0.0008184909820556641,168708
48,0048.wav,2,0,1,0.375,8,peter piper picked a peck of pickled peppers,the peter piper picked the peck of pickled peppers the,2.703340768814087,0.0007395744323730469,93318
49,0049.wav,2,0,1,0.3333333333333333,9,where's the peck of pickled peppers peter piper picked,where's the peck of picked of peppers peter piper picked the,1.8553683757781982,0.00026726722717285156,77148
50,0050.wav,3,0,2,1.0,5,pickled peppers pickled peter piper,the pickled of where's pickled picked piper the,1.8002214431762695,0.0001747608184814453,73578
51,0051.wav,1,0,5,0.5454545454545454,11,peter piper picked a peck of pickled peppers peter piper pickled,picked piper picked of picked of pickled where's peter piper picked where's,2.6725454330444336,0.0003063678741455078,111378
52,0052.wav,1,2,3,0.75,8,peter piper picked a peck of pickled peppers,the of piper picked peck where's the,1.7657268047332764,0.0001399517059326172,73578
53,0053.wav,2,0,1,0.5,6,where's the peck of pickled peppers,the where's of peck of pickled peppers the,1.805469274520874,0.0002465248107910156,66438
54,0054.wav,3,0,1,1.0,4,piper peter peppers pickled,the piper of peter where's pickled the,1.49253511428833,0.00017380714416503906,59298
55,0055.wav,1,0,1,0.2222222222222222,9,peter piper picked peter piper picked peter piper picked,the peter piper picked peter of picked peter piper picked,1.8445048332214355,0.00014162063598632812,75468
56,0056.wav,2,0,1,0.42857142857142855,7,where's the peck of peter piper peppers,the where's the peck of peter piper where's the,1.504288911819458,0.00014400482177734375,62868
57,0057.wav,2,2,2,0.75,8,peter piper picked a peck of pickled peppers,the of piper peck peck pickled peppers the,2.5353844165802,0.0002193450927734375,104028
58,0058.wav,2,1,1,0.5,8,the peck of pickled peppers picked peter piper,the peck of pickled of where's picked piper the,1.8829624652862549,0.00018548965454101562,77148
59,0059.wav,2,0,0,0.3333333333333333,6,piper picked peter the pickled peppers,the piper picked peter the pickled peppers the,2.2736775875091553,0.00025773048400878906,93318
60,0060.wav,3,0,0,0.6,5,peck piper peter pickled picked,the peck piper peter of pickled picked the,1.6409566402435303,0.00018405914306640625,66438
61,0061.wav,2,0,0,0.4,5,peck peppers pickled peter piper,the peck peppers pickled peter piper the,1.8658483028411865,0.0006403923034667969,75468
62,0062.wav,4,2,3,0.5294117647058824,17,peter piper picked a peck of pickled peppers where's the peck of pickled peppers peter piper picked,the peter of piper picked of a of pickled peppers where's peck of the where's picked of piper picked,4.472040414810181,0.0009434223175048828,189498
63,0063.wav,3,0,3,0.8571428571428571,7,peter piper picked where's the peck of,the the of piper picked where's of peck pickled the,3.6091158390045166,0.0004715919494628906,107598
64,0064.wav,4,1,4,0.75,12,pickled peppers pickled peppers peter piper picked a peck of pickled peppers,the of where's pickled peppers picked piper a the of a of pickled peppers the,3.790796995162964,0.0005891323089599609,156318
65,0065.wav,5,0,2,0.875,8,the peck of pickled peppers peter piper picked,the of a of a where's peppers peter of piper a picked the,3.375994920730591,0.00038552284240722656,113478
66,0066.wav,2,0,2,0.5,8,peter piper picked a peck of pickled peppers,the the piper picked of peck of pickled peppers the,2.5732688903808594,0.0002720355987548828,105708
67,0067.wav,4,0,1,0.625,8,pickled peter peppers pickled peppers piper of piper,the picked of peter the peppers pickled peppers piper of piper the,3.651928186416626,0.0005795955657958984,157788
68,0068.wav,2,0,1,0.6,5,pickled where's peck peck peppers,the pickled where's peck picked peppers the,2.4753670692443848,0.0003325939178466797,96888
69,0069.wav,2,0,2,0.4444444444444444,9,picked pickled a pickled peter of peppers peppers piper,the pickled pickled of pickled peter of peppers peppers piper the,3.253535509109497,0.0004558563232421875,138258
70,0070.wav,2,0,0,0.5,4,peck peppers picked piper,the peck peppers picked piper the,1.9183471202850342,0.00043082237243652344,79038
71,0071.wav,3,0,1,0.8,5,a peter pickled pickled picked,the of peter of pickled pickled picked the,2.1538095474243164,0.00044727325439453125,88068
72,0072.wav,2,0,5,0.7777777777777778,9,peck peppers picked a picked peter a picked peppers,the peck where's picked of picked peter of pickled where's the,3.7287144660949707,0.0007340908050537109,144768
73,0073.wav,2,0,1,0.375,8,peck picked peppers peck picked where's of pickled,the peck picked where's peck picked where's of pickled the,2.8691461086273193,0.0004978179931640625,117468
74,0074.wav,2,0,2,0.5,8,a peter where's piper the picked picked peppers,the of peter where's piper the pickled picked peppers the,2.3471415042877197,0.0002827644348144531,95838
75,0075.wav,3,1,1,0.5555555555555556,9,piper peck of peck pickled picked pickled of peter,the piper of piper of peck pickled pickled of peter the,2.773148536682129,0.00042510032653808594,115368
76,0076.wav,3,0,4,0.7777777777777778,9,peck of peter peppers pickled peppers of picked peter,the peck of the the of where's pickled where's of picked the,2.9694650173187256,0.0004341602325439453,129018
77,0077.wav,4,0,1,0.5555555555555556,9,peppers peck of peck peter picked a of peppers,the picked of where's peck of peck peter picked a of peppers the,3.788870334625244,0.0003814697265625,150648
78,0078.wav,2,0,1,0.3333333333333333,9,a peck of the pickled peppers peter piper picked,the of peck of the pickled peppers peter piper picked the,3.846478223800659,0.0004923343658447266,120198
79,0079.wav,2,0,0,0.3333333333333333,6,piper picked peter of the peck,the piper picked peter of the peck the,2.113706111907959,0.0002219676971435547,88068
80,0080.wav,1,1,1,0.375,8,a peter picked peck of picked pickled piper,picked picked peck of picked pickled piper the,2.7708942890167236,0.00044155120849609375,113058
81,0081.wav,2,0,0,0.4,5,where's peck peppers of piper,the where's peck peppers of piper the,2.1326568126678467,0.00037479400634765625,86178
82,0082.wav,2,0,2,1.3333333333333333,3,piper of peppers,the piper picked where's the,2.3985722064971924,0.0003781318664550781,104028
83,0083.wav,3,0,1,1.3333333333333333,3,peter picked piper,picked picked picked piper a the,1.8815772533416748,0.00041103363037109375,77148
84,0084.wav,2,4,0,0.6666666666666666,9,where's the peck of pickled peppers peter piper picked,where's peppers peter piper picked the peck,1.2810256481170654,0.00011873245239257812,52158
85,0085.wav,2,2,1,0.45454545454545453,11,the peck of pickled peppers picked a peck of pickled peppers,peck of pickled peppers picked peck of peck of peppers the,1.7887709140777588,0.0003192424774169922,71898
86,0086.wav,5,2,0,0.875,8,peter piper where's the peck of pickled peppers,peter of piper the where's peck pickled peppers the piper peck,2.3543384075164795,0.0002582073211669922,89748
87,0087.wav,3,0,2,0.5555555555555556,9,peter piper peter piper a peck of pickled peppers,peter piper the peter piper the peck of pickled peck where's picked,3.0749430656433105,0.0005855560302734375,102348
88,0088.wav,0,5,2,0.4117647058823529,17,peter piper picked a peck of pickled peppers where's the peck of pickled peppers peter piper picked,piper picked peck pickled peppers where's peck pickled where's peter picked picked,2.6778533458709717,0.00046133995056152344,105918
89,0089.wav,2,2,3,0.4117647058823529,17,peter piper picked a peck of pickled peppers where's the peck of pickled peppers peter piper picked,the of of picked peck pickled peppers where's the peck of picked peppers peter piper picked the,3.47659969329834,0.000820159912109375,125658
90,0090.wav,3,0,0,0.17647058823529413,17,peter piper picked a peck of pickled peppers where's the peck of pickled peppers peter piper picked,the peter piper picked a peck of pickled peppers where's the peck of pickled peppers peter piper of picked the,4.43820333480835,0.000675201416015625,184668
91,0091.wav,2,1,0,0.75,4,where's the peck of,the where's peck of the,1.1098666191101074,9.751319885253906e-05,45018
92,0092.wav,1,1,0,0.4,5,picked a peck of pickled,picked peck of pickled the,1.2112200260162354,0.00010061264038085938,50268
93,0093.wav,1,0,0,0.2,5,pickled peppers where's the peck,pickled peppers where's the peck the,1.4203224182128906,0.0001811981201171875,59298
94,0094.wav,1,0,0,0.3333333333333333,3,peter picked peppers,the peter picked peppers,1.168637752532959,9.226799011230469e-05,48588
95,0095.wav,2,1,0,0.6,5,peter pickled a picked peck,the peter pickled picked peck the,1.5585391521453857,0.0004558563232421875,64758
96,0096.wav,2,0,1,0.5,6,peter picked the peck of peppers,picked picked the peck peck of peppers the,1.558675765991211,0.0004830360412597656,64758
97,0097.wav,3,1,0,0.5,8,peter picked a peck of the pickled peppers,the peter piper picked peck of the pickled peppers the,2.231523275375366,0.0006198883056640625,86178
98,0098.wav,2,0,1,0.42857142857142855,7,the peck of peppers peter piper pickled,the peck of peck where's peter piper pickled the,1.5260696411132812,0.0004107952117919922,62868
99,0099.wav,2,0,1,0.2727272727272727,11,the peck pickled peppers picked pickled peter of piper a where's,the picked pickled peppers picked peck pickled peter of piper a where's the,4.24382472038269,0.002379179000854492,165138
100,0100.wav,2,0,0,0.2,10,the picked of piper picked of pickled a peter piper,the picked of piper picked of pickled a the peter piper the,2.8725860118865967,0.0013234615325927734,118518
101,0101.wav,3,0,2,0.35714285714285715,14,peck piper picked of picked pickled of where's a peppers peter peppers peter pickled,the picked piper picked of peter pickled of where's a peppers peter peppers peck peter pickled the,4.476530075073242,0.0017576217651367188,188448
102,0102.wav,2,0,0,0.5,4,peppers peck peter pickled,the peppers peck peter pickled the,1.819180965423584,0.00021576881408691406,73578
103,0103.wav,2,1,0,0.42857142857142855,7,where's piper picked piper a pickled peppers,the where's piper picked piper pickled peppers the,2.4329874515533447,0.0005304813385009766,98778
104,0104.wav,6,0,3,1.5,6,peter picked peppers of pickled peppers,the picked a peck the peppers of picked picked picked where's the,2.4726991653442383,0.000659942626953125,99828
105,0105.wav,3,0,0,0.3333333333333333,9,peter peppers picked piper a peck of pickled peppers,the peter peppers picked piper a peck peck of pickled peppers the,3.0153942108154297,0.00043320655822753906,123138
106,0106.wav,3,1,1,0.625,8,peter piper picked a peck of pickled peppers,the picked piper peck picked peck of pickled peppers the,2.6725919246673584,0.00043582916259765625,109488
107,0107.wav,3,0,1,0.5,8,where's the peck of peppers peter piper picked,the where's the peck of peppers peter piper a peter the,2.502089500427246,0.0002570152282714844,101718
108,0108.wav,2,0,0,0.2857142857142857,7,the peck of pickled peter piper pickled,the peck of pickled peter piper of pickled the,2.0309882164001465,0.0001747608184814453,84288
109,0109.wav,4,0,0,0.6666666666666666,6,piper peter picked peppers of piper,where's piper peter picked peppers of piper of the the,2.0653085708618164,0.0002319812774658203,86178
110,0110.wav,2,0,2,0.5,8,peter peppers picked a piper of the peck,the of peppers picked of piper of the peck the,2.0492382049560547,0.0006937980651855469,79038
111,0111.wav,3,0,1,0.6666666666666666,6,peck of picked peter piper picked,the picked of picked peter of piper picked the,1.8581066131591797,0.0003173351287841797,70008
112,0112.wav,3,0,1,0.8,5,picked the peppers peter pickled,the a the peppers peter of pickled the,1.6829583644866943,0.00020051002502441406,68328
113,0113.wav,1,0,0,0.14285714285714285,7,the piper of peck peppers peter picked,the piper of peck peppers peter picked the,1.9376158714294434,0.00018453598022460938,79038
114,0114.wav,3,1,4,1.0,8,piper picked peter a pickled peck of peppers,the piper of picked of picked of of where's the,4.493335723876953,0.0007085800170898438,181098
115,0115.wav,4,0,1,1.6666666666666667,3,where's peter piper,the where's the the piper pickled the,2.0043020248413086,0.00022077560424804688,84498
116,0116.wav,3,0,6,1.0,9,piper picked the peck of pickled peppers peter picked,the of a picked of peck pickled of where's picked picked the,2.4246416091918945,0.0001857280731201172,111378
117,0117.wav,6,0,3,2.25,4,piper picked peter peppers,the piper the the peck the of of where's the,2.4061551094055176,0.0005962848663330078,95208
118,0118.wav,2,0,4,0.75,8,peter where's the peck of peppers piper picked,the where's of peck of of where's piper peter the,4.05264139175415,0.00047659873962402344,148968
119,0119.wav,4,0,3,1.75,4,piper peck pickled peppers,the picked piper of picked picked where's the,2.6828982830047607,0.0004143714904785156,109488
120,0120.wav,2,0,1,1.0,3,peck pickled peter,the a pickled peter the,1.4256408214569092,0.0001862049102783203,59298
121,0121.wav,2,0,1,0.75,4,peter where's the peck,the pickled where's the peck the,2.0300121307373047,0.0006887912750244141,82608
122,0122.wav,1,0,0,0.25,4,the peppers peck pickled,the peppers peck pickled the,1.8002336025238037,0.0008192062377929688,80928
123,0123.wav,1,0,4,0.8333333333333334,6,peter of a peck of peppers,a peter pickled pickled peck where's the,1.9105744361877441,0.0006620883941650391,79038
124,0124.wav,4,0,1,1.0,5,peter peter peter peter peter,the peter peter picked of peter peter of the,1.7876694202423096,0.0006706714630126953,73578
125,0125.wav,2,0,1,1.0,3,piper picked peter,the piper picked picked the,1.2909729480743408,0.00011134147644042969,54048
126,0126.wav,3,0,2,1.25,4,piper peppers peter picked,the piper peck of peter peter the,1.593837022781372,0.00015592575073242188,64758
127,0127.wav,1,0,1,0.4,5,a peck of pickled peppers,the peck of pickled peppers the,1.690976619720459,0.00043129920959472656,68328
128,0128.wav,2,0,1,1.0,3,piper pickled pickled,the piper pickled picked the,1.3327698707580566,0.0001499652862548828,55728
129,0129.wav,3,0,3,0.75,8,peter piper picked a peck of pickled peppers,the of piper picked of peck of pickled of where's the,1.999251365661621,0.0005850791931152344,82608
130,0130.wav,4,0,2,0.6666666666666666,9,where's the peck of pickled peppers peter piper picked,the where's the peck of pickled where's peter piper of a peter the,2.4957363605499268,0.00037550926208496094,95208
131,0131.wav,4,0,2,1.2,5,peter picked piper pickled peppers,the of picked picked piper of pickled where's the,1.6328825950622559,0.00018405914306640625,66438
132,0132.wav,1,0,0,0.5,2,where's peter,where's peter the,0.8273091316223145,9.059906005859375e-05,34308
133,0133.wav,2,0,1,1.0,3,piper pickled peppers,piper of pickled where's the,1.2456614971160889,0.0001304149627685547,52158
134,0134.wav,3,0,2,1.0,5,peter piper picked a peck,picked of piper peck a of peck the,1.3287034034729004,0.0006275177001953125,55728
135,0135.wav,2,0,2,0.5714285714285714,7,a peck of pickled peppers peter picked,the of pickled of pickled peppers peter picked the,2.267455577850342,0.0007410049438476562,95208
136,0136.wav,2,0,0,0.3333333333333333,6,where's the peck of pickled peppers,the where's the peck of pickled peppers the,2.1272592544555664,0.0006260871887207031,88068
137,0137.wav,3,0,3,1.2,5,pickled peppers picked peter piper,the picked where's peck picked of piper the,1.7850689888000488,0.0005216598510742188,73578
138,0138.wav,2,0,2,0.6666666666666666,6,peter piper where's the peck picked,the peter piper picked the a peck the,2.3076815605163574,0.0011303424835205078,95208
139,0139.wav,4,2,2,1.0,8,peter piper picked a peck of pickled peppers,the picked of of pickled peck peck of peppers the,1.9571545124053955,0.00016498565673828125,80928
140,0140.wav,4,0,6,1.25,8,peter piper picked a peck of pickled peppers,the the of of of pickled peck peck of of where's the,1.7626867294311523,0.00017976760864257812,71898
141,0141.wav,3,0,5,1.0,8,a peck of pickled peppers peter piper picked,the peck of pickled peck of a the of peter the,1.5645983219146729,0.0005278587341308594,64758
142,0142.wav,2,0,3,0.5555555555555556,9,where's the peck of pickled peppers peter piper picked,where's the peck of pickled of picked of of picked the,1.6007473468780518,0.00012946128845214844,64758
143,0143.wav,1,1,3,0.625,8,a peck of pickled peppers peter piper picked,the of pickled peppers the of picked the,1.4419491291046143,0.00020122528076171875,57618
144,0144.wav,1,1,2,0.5,8,peter piper picked a peck of pickled peppers,the peter peter pickled peck of pickled peppers,2.771836757659912,0.0006983280181884766,111378
145,0145.wav,8,0,3,1.2222222222222223,9,where's the peck of pickled peppers peter piper picked,the where's a picked the peck of the pickled piper where's the picked peck of picked the,3.790656328201294,0.0014371871948242188,154218
146,0146.wav,2,0,0,0.6666666666666666,3,where's peter piper,the where's peter piper the,2.0992391109466553,0.00015807151794433594,91638
147,0147.wav,3,0,1,1.3333333333333333,3,where's pickled peppers,where's the pickled peck where's the,1.737713098526001,0.00012946128845214844,70008
148,0148.wav,6,0,2,2.0,4,peter picked pickled peppers,the peck of picked the pickled the peck where's the,2.2106707096099854,0.00037407875061035156,89748
149,0149.wav,2,0,1,0.5,6,peter picked a peck of peppers,the the peter picked of peck of peppers,1.8082423210144043,0.00018668174743652344,73578
150,0150.wav,2,1,0,0.5,6,peter picked a peck of peppers,the peter picked peck of peppers the,1.7232608795166016,0.00020384788513183594,70008
151,0151.wav,2,0,0,0.2222222222222222,9,where's the peck of pickled peppers peter piper picked,the where's the peck of pickled peppers peter piper picked the,2.5333311557769775,0.0006582736968994141,102348
152,0152.wav,1,0,1,0.4,5,where's the peppers peter picked,where's of peppers peter picked the,1.7649016380310059,0.0002396106719970703,70008
153,0153.wav,2,0,2,0.5,8,where's the peck of peppers peter piper picked,the where's of peck of peppers peter piper peter the,2.1062638759613037,0.00024318695068359375,86178
154,0154.wav,2,0,2,0.5,8,peter piper picked a peck of pickled peppers,the picked of piper picked of peck of pickled peppers,2.3209068775177,0.00020384788513183594,95208
155,0155.wav,2,0,1,0.6,5,a peck of pickled peppers,the of peck of pickled peppers the,1.8569786548614502,0.0002894401550292969,75468
156,0156.wav,4,0,2,1.5,4,peter piper picked peppers,the of piper peter peck of picked the,1.7300059795379639,0.00013947486877441406,70008
157,0157.wav,4,1,4,1.0,9,peter piper picked where's the peck of pickled peppers,the of peck of picked of where's the pickled pickled peck picked,2.4037489891052246,0.00022530555725097656,98778
158,0158.wav,1,1,2,0.5,8,peter piper picked a peck of pickled peppers,the picked piper peter peck of pickled peppers,2.5385472774505615,0.0001995563507080078,105918
159,0159.wav,2,0,2,0.4444444444444444,9,where's the peck of pickled peppers peter piper picked,the peppers the peck of pickled peppers peter peck picked the,2.7354257106781006,0.0011053085327148438,114948
160,0160.wav,5,0,3,1.0,8,peter piper picked a peck of pickled peppers,the a of piper of picked of peck of pickled piper where's the,2.507364511489868,0.0008797645568847656,100458
161,0161.wav,3,0,3,0.6666666666666666,9,where's the peck of pickled peppers peter piper picked,where's of peck of pickled piper where's peter piper of peter the,2.3863868713378906,0.00066375732421875,98778
162,0162.wav,4,0,4,1.1428571428571428,7,peck of pickled peppers peter piper picked,the piper of pickled piper where's picked piper of peter the,2.4607136249542236,0.0005087852478027344,102348
163,0163.wav,4,0,3,0.875,8,peter piper picked a peck of pickled peppers,the peter piper of picked of piper of pickled piper where's the,2.296086311340332,0.0003669261932373047,93318
164,0164.wav,4,0,1,1.0,5,peter piper picked pickled peppers,the peter piper of picked pickled piper where's the,2.157528877258301,0.0003993511199951172,80928
165,0165.wav,2,0,0,0.6666666666666666,3,peter piper picked,the peter piper picked the,1.7350752353668213,0.0001723766326904297,52158
166,0166.wav,2,0,2,0.5,8,peter piper picked a peck of pickled peppers,where's the of piper picked of peck of pickled peppers,2.2410500049591064,0.00019502639770507812,93318
167,0167.wav,3,0,2,0.8333333333333334,6,picked a peck of pickled peppers,the a the of peck of picked peppers the,1.831066370010376,0.0006589889526367188,75468
168,0168.wav,1,1,1,0.5,6,where's the peck of pickled peppers,the where's picked of pickled peppers,1.6535897254943848,0.00030994415283203125,68328
169,0169.wav,2,1,2,0.5,10,peter piper picked a peck where's the peck peter picked,the of piper picked of peck where's peck peter picked the,2.6414687633514404,0.0010516643524169922,109488
170,0170.wav,2,0,1,0.6,5,peter piper picked pickled peppers,the picked piper picked pickled peppers the,1.9851109981536865,0.00036907196044921875,82608
171,0171.wav,2,0,3,0.625,8,peter piper picked pickled peppers where's the peck,picked piper picked pickled piper where's where's the picked the,2.690622329711914,0.0013113021850585938,109488
172,0172.wav,1,1,1,0.3333333333333333,9,where's the peck of pickled peppers peter piper picked,where's the pickled pickled peppers peter piper picked the,2.944762706756592,0.0004994869232177734,120198
173,0173.wav,4,1,3,1.0,8,peter piper picked a peck of pickled peppers,picked of piper picked the of peck pickled piper where's the,2.2966690063476562,0.00030159950256347656,95208
174,0174.wav,2,2,4,0.47058823529411764,17,peter piper picked a peck of pickled peppers where's the peck of pickled peppers peter piper picked,the picked piper picked of peck pickled peppers where's the pickled pickled peppers peter peter picked the,4.419782400131226,0.0005741119384765625,179418
175,0175.wav,2,0,0,1.0,2,peter piper,the peter piper the,1.6172053813934326,0.0002124309539794922,70008
176,0176.wav,1,0,0,0.5,2,pickled peppers,pickled peppers the,1.3977549076080322,0.00016498565673828125,57618
177,0177.wav,6,0,0,0.6666666666666666,9,where's the peck of pickled peppers peter piper picked,where's the peck of pickled picked peppers peter picked a piper picked the a peck,5.088487863540649,0.00091552734375,193698
178,0178.wav,3,0,1,2.0,2,pickled peppers,the a the peppers the,1.2422082424163818,9.489059448242188e-05,52158
179,0179.wav,3,0,3,1.0,6,picked a peck of pickled peppers,the peck a pickled pickled pickled the peppers the,3.290087938308716,0.0009570121765136719,130908
180,0180.wav,2,0,2,0.5,8,peter piper picked a peck of pickled peppers,the peter peter picked of peck of pickled peppers the,2.5625429153442383,0.0003426074981689453,104028
181,0181.wav,1,0,2,0.375,8,the peck of pickled peppers peter piper picked,the peck of pickled peppers peter peter peter the,3.0544791221618652,0.000286102294921875,123768
182,0182.wav,3,0,1,1.0,4,peter picked pickled peppers,the peter of pickled pickled peppers the,2.048539161682129,0.00021409988403320312,86178
183,0183.wav,2,0,0,0.3333333333333333,6,where's the peck of pickled peppers,the where's the peck of pickled peppers the,2.1603236198425293,0.0006921291351318359,88068
184,0184.wav,2,0,1,0.6,5,a peck of pickled peppers,the of peck of pickled peppers the,1.7238054275512695,0.00015687942504882812,70008
185,0185.wav,4,0,1,0.8333333333333334,6,piper picked a peck of peter,the a picked a the peck of peter a the,2.384880781173706,0.00036907196044921875,95838
186,0186.wav,3,1,1,0.8333333333333334,6,peter pickled a peck of peppers,the peter pickled peck of of where's the,2.095240592956543,0.0002872943878173828,84288
187,0187.wav,2,0,0,0.6666666666666666,3,piper pickled peter,the piper a pickled peter,1.3631210327148438,0.00010371208190917969,56988
188,0188.wav,3,0,0,0.6,5,where's peter piper pickled peppers,the where's peter piper a pickled peppers peck,1.7477874755859375,0.00035762786865234375,72528
189,0189.wav,3,0,3,1.0,6,piper peter picked peppers picked peter,the piper peter a a where's a peter the,2.1092066764831543,0.00018644332885742188,88068
190,0190.wav,6,0,3,0.5294117647058824,17,piper pickled picked peppers of picked a pickled piper the peppers peck of peter peter peck where's,the piper of pickled picked peppers of picked the of pickled picked of the where's peck of peter peter of peck where's the,5.984671354293823,0.0007536411285400391,245778
191,0191.wav,7,1,4,0.7058823529411765,17,a peter the of peck where's piper peter picked pickled picked peppers pickled of peck peppers piper,the of pickled of the peck where's piper peter picked picked the pickled pickled of where's pickled where's the peck peppers piper the,7.240808725357056,0.0032372474670410156,283368
192,0192.wav,8,0,3,0.6470588235294118,17,peter picked peppers piper picked peter of where's peck pickled the peck pickled a piper peppers of,the peter picked peter picked piper picked peter the of where's peck the pickled the of peck the pickled of piper the where's of the,7.431436061859131,0.0028536319732666016,279798
193,0193.wav,6,1,4,0.6470588235294118,17,peck piper picked peppers peck the a peter pickled of pickled picked piper of where's peter peppers,the piper piper of picked peppers peck pickled peter pickled of the pickled picked picked picked where's the where's peter peppers the,8.004700183868408,0.0023527145385742188,304788
194,0194.wav,8,0,3,0.6470588235294118,17,a picked pickled peck of of picked the peck piper piper peter pickled peter peppers where's peppers,the of picked pickled peck where's the of picked the where's of peck piper of piper of peter the pickled peter peppers picked peppers the,7.021871566772461,0.002496004104614258,288618
195,0195.wav,7,1,3,1.375,8,peter piper picked a peck of pickled peppers,piper the of peppers of picked of peck of picked of of the peck,3.4238967895507812,0.0014317035675048828,138258
196,0196.wav,3,0,4,0.7777777777777778,9,where's the peck of pickled peppers peter piper picked,the where's picked peck of picked piper of picked piper picked the,3.1282553672790527,0.0011715888977050781,129228
197,0197.wav,4,0,4,0.47058823529411764,17,peter piper picked a peck of pickled peppers where's the peck of pickled peppers peter piper picked,the peter piper picked where's peck peck peck of where's where's the peck peck of pickled peppers peter piper picked the,4.641537189483643,0.0019176006317138672,188448
198,0198.wav,3,0,8,0.6470588235294118,17,peter piper picked a peck of pickled peppers where's the peck of pickled peppers peter piper picked,the the of of of pickled peck of pickled peppers where's peck peck of picked peppers the the picked picked,3.7916531562805176,0.0011136531829833984,154218
199,0199.wav,2,1,7,0.5882352941176471,17,peter piper picked a peck of pickled peppers where's the peck of pickled peppers peter piper picked,peck the piper picked of peck of picked peppers where's of peck of picked picked peck picked the,3.3782737255096436,0.0012781620025634766,138258
200,0200.wav,4,2,8,0.8235294117647058,17,peter piper picked a peck of pickled peppers where's the peck of pickled peppers peter piper picked,picked of the of of picked pickled pickled peck where's of picked peck of picked peck picked picked picked,3.528691530227661,0.0015027523040771484,138258
201,0201.wav,0,1,5,0.35294117647058826,17,peter piper picked a peck of pickled peppers where's the peck of pickled peppers peter piper picked,pickled of picked peck of pickled peppers picked of peck of pickled peppers peter peck picked,3.1271491050720215,0.001264333724975586,127338
202,0202.wav,2,1,1,0.4,10,peppers picked a peck of peter a pickled peter piper,the peppers picked peck of peter the pickled peter piper the,2.3819501399993896,0.0007188320159912109,96888
203,0203.wav,3,1,0,0.23529411764705882,17,peter piper picked a peck of pickled peppers where's the peck of pickled peppers peter piper picked,the peter piper picked peck of pickled peppers the where's the peck of pickled peppers peter piper picked the,3.816584348678589,0.0014748573303222656,147078
204,0204.wav,2,0,0,0.2857142857142857,7,peck of pickled peppers peter piper picked,the peck of pickled peppers peter piper picked the,2.165184259414673,0.00031757354736328125,88068
205,0205.wav,2,0,1,0.42857142857142855,7,peter piper peck peppers picked peter peppers,the peter piper peck peppers peck peter peppers the,3.12890362739563,0.0005457401275634766,82608
206,0206.wav,1,0,1,0.25,8,pickled peter piper a peck the peppers picked,the pickled peter piper the peck the peppers picked,2.460021495819092,0.0004639625549316406,86178
207,0207.wav,2,1,2,0.625,8,peter piper picked a peck of pickled peppers,the peter piper picked of peck pickled where's the,2.492807149887085,0.0006434917449951172,82608
208,0208.wav,3,1,5,1.0,9,where's the peck of pickled peppers peter piper picked,the where's of of picked picked a of of picked the,2.1309962272644043,0.00058746337890625,86178
209,0209.wav,2,0,1,0.5,6,peter picked piper where's the peck,the peter picked piper where's of peck the,2.035013437271118,0.00047588348388671875,80928
210,0210.wav,1,2,3,0.75,8,pickled peter the peppers a piper where's picked,pickled of where's of where's picked the,1.677645206451416,0.00040721893310546875,66438
211,0211.wav,2,1,2,0.5555555555555556,9,piper pickled peppers where's a peter picked a peck,the piper of peppers where's of peter picked peck the,1.9972875118255615,0.0003809928894042969,80928
212,0212.wav,5,2,5,0.7058823529411765,17,peter piper picked a peck of pickled peppers where's the peck of pickled peppers peter piper picked,the piper of a of peck of pickled peppers where's of pickled pickled peck where's the peter of a the,6.151777267456055,0.0015985965728759766,199158
213,0213.wav,5,0,6,0.6875,16,the peck of pickled peppers peter piper picked peter piper picked a peck of pickled peppers,the picked of pickled peppers the of piper a the picked of piper of pickled peck of pickled peck where's the,4.787400245666504,0.0017313957214355469,195588
214,0214.wav,3,0,7,0.7142857142857143,14,a peck of pickled peppers peter piper picked where's the peck of pickled peppers,the where's a pickled where's picked piper of a picked where's of peck of pickled where's the,6.4892189502716064,0.002523660659790039,243888
215,0215.wav,9,0,8,1.0625,16,a peck of pickled peppers picked peter piper where's peter piper peck of pickled peppers picked,the pickled a of pickled where's the of the of piper where's where's the of peter picked of peck of pickled peck where's a the,5.829177141189575,0.002117633819580078,240318
216,0216.wav,6,0,10,1.0,16,a peck of peppers pickled picked peter piper where's peter piper peppers pickled the peck picked,the pickled a of a where's pickled a the of piper picked where's the of piper picked where's pickled piper a the,6.445664644241333,0.0030612945556640625,260058
217,0217.wav,1,0,2,0.2727272727272727,11,peter where's a peter picked of piper piper peck pickled picked,pickled where's of peter picked of piper piper peck pickled picked the,4.494714736938477,0.0015053749084472656,170388
218,0218.wav,1,0,0,0.2,5,pickled peter pickled of peck,pickled peter pickled of peck the,3.3575191497802734,0.0012574195861816406,130908
219,0219.wav,2,0,4,0.5,12,peppers peppers piper the peck peter picked pickled of pickled piper picked,the where's where's piper of peck peter picked pickled of picked piper picked the,4.596842050552368,0.001634836196899414,181098
220,0220.wav,3,0,2,0.5555555555555556,9,where's the peck of pickled peppers peter piper picked,the where's the peck of picked peter peter of piper picked the,2.2882883548736572,0.0005345344543457031,96888
221,0221.wav,4,1,2,0.4117647058823529,17,peck a piper pickled peter of of the peck peter picked piper where's peppers pickled peppers picked,the peck of piper pickled peter of pickled of peck peter picked piper where's of where's pickled peppers picked the,5.114288091659546,0.0018055438995361328,209868
222,0222.wav,2,1,0,0.5,6,peppers of piper pickled the peter,the peppers of piper pickled peter the,1.5924575328826904,0.00031685829162597656,61188
223,0223.wav,2,0,0,0.2857142857142857,7,piper picked peter pickled where's the peppers,the piper picked peter pickled where's the peppers the,1.539764165878296,0.00021886825561523438,66438
224,0224.wav,1,0,0,0.16666666666666666,6,the peck of piper peter picked,the peck of piper peter picked the,1.405306339263916,0.00026917457580566406,50268
225,0225.wav,2,1,0,0.42857142857142855,7,piper peter peter piper picked the peppers,peck piper peter peter piper picked peppers the,1.853039264678955,0.0005984306335449219,70008
226,0226.wav,2,1,1,0.6666666666666666,6,where's the piper of peck peter,the where's peppers of peck peter the,1.507582187652588,0.0003428459167480469,61188
227,0227.wav,2,1,3,0.8571428571428571,7,peter picked a peck of pickled peppers,the of picked peck of picked where's the,1.9308483600616455,0.0006170272827148438,70008
228,0228.wav,2,0,3,0.7142857142857143,7,peter piper picked a peck of peppers,the of piper the the peck of peppers the,1.5652203559875488,0.0005879402160644531,62868
229,0229.wav,3,0,3,1.2,5,where's the peppers peter picked,where's peck of where's picked of peter the,1.4775900840759277,0.000141143798828125,61188
230,0230.wav,2,0,3,0.8333333333333334,6,where's the peck of pickled peppers,the where's picked peck of the where's the,1.4316482543945312,0.00029587745666503906,59298
231,0231.wav,4,0,3,1.0,7,where's the pickled peppers peter piper picked,the where's the the peppers picked of piper of peter the,1.7665581703186035,0.0001685619354248047,71898
232,0232.wav,1,1,3,0.29411764705882354,17,peter piper picked a peck of pickled peppers where's the peck of pickled peppers peter piper picked,the of piper peck of peck of pickled peppers where's peck of pickled peppers peter piper picked,3.271564483642578,0.0005283355712890625,134688
233,0233.wav,2,1,2,0.29411764705882354,17,peter piper picked a peck of pickled peppers where's the peck of pickled peppers peter piper picked,the picked piper peck peck of pickled peppers where's the peck of pickled peppers peter piper picked the,3.3686859607696533,0.0007894039154052734,152538
234,0234.wav,2,0,0,0.3333333333333333,6,peter peter peter peter piper peter,the peter peter peter peter piper peter the,2.58201265335083,0.0006840229034423828,100458
235,0235.wav,2,0,0,0.5,4,pickled peppers where's peter,the pickled peppers where's peter the,1.9516234397888184,0.00030303001403808594,79038
236,0236.wav,1,1,2,0.5,8,peter piper picked a peck of pickled peppers,the of peter picked peck of pickled peppers,2.111269950866699,0.0006034374237060547,86178
237,0237.wav,1,0,1,0.6666666666666666,3,the pickled piper,the pickled peter the,1.9434196949005127,0.0006170272827148438,79038
238,0238.wav,2,0,0,0.4,5,peter piper peck pickled peppers,the peter piper the peck pickled peppers,2.5054197311401367,0.0008692741394042969,102348
239,0239.wav,2,1,0,0.375,8,peter piper picked a peck of pickled peppers,the peter piper picked peck of pickled peppers the,2.5567402839660645,0.0008275508880615234,96888
240,0240.wav,2,0,1,0.3333333333333333,9,where's the peck of pickled peppers peter piper picked,the where's of peck of pickled peppers peter piper picked the,2.6689844131469727,0.0008256435394287109,111378
241,0241.wav,2,0,0,0.3333333333333333,6,peter picked peppers piper pickled peppers,where's peter picked peppers piper pickled peppers the,2.4691269397735596,0.0007073879241943359,98778
242,0242.wav,1,0,1,0.2857142857142857,7,where's the peck of peppers peter picked,where's of peck of peppers peter picked the,2.4181137084960938,0.0009143352508544922,77148
243,0243.wav,1,0,1,0.2857142857142857,7,where's the peck of peppers piper pickled,where's of peck of peppers piper pickled the,1.9336199760437012,0.0004000663757324219,80928
244,0244.wav,6,0,3,1.2857142857142858,7,peter picked a peck of pickled peppers,the of the a of a the of peck of pickled where's the,3.749192476272583,0.0012595653533935547,154218
245,0245.wav,4,0,3,1.4,5,the pickled peppers peter picked,the where's a of where's picked of picked the,2.683885335922241,0.0006668567657470703,109488
246,0246.wav,1,0,2,1.0,3,where's the piper,the where's of where's,1.7336125373840332,0.0006399154663085938,70008
247,0247.wav,4,0,1,1.6666666666666667,3,piper picked peter,the piper the the peter the the,2.3244106769561768,0.0002639293670654297,96888
248,0248.wav,3,0,3,1.5,4,peter peter piper peppers,the picked of piper of where's the,2.283963203430176,0.0007874965667724609,98778
249,0249.wav,1,0,1,0.3333333333333333,6,pickled piper peter peck of peppers,pickled piper the peck of peppers the,2.489199161529541,0.0003566741943359375,75468
250,0250.wav,2,1,2,0.2777777777777778,18,where's peter of peck picked peppers a piper of pickled the peck picked a piper where's of peck,the where's peter of peck picked where's of piper of pickled the peck picked piper where's of peck the,3.533430814743042,0.0009851455688476562,143508
251,0251.wav,2,1,1,0.36363636363636365,11,peck a pickled piper peter of peppers picked the peppers pickled,the peck pickled piper of the of peppers picked the peppers pickled,2.342050075531006,0.0009191036224365234,89748
252,0252.wav,4,0,1,1.6666666666666667,3,where's peter piper,the where's a of piper a the,0.9959180355072021,8.7738037109375e-05,41448
253,0253.wav,3,2,1,0.6,10,of peppers where's a peck the pickled peter piper picked,the of where's a of peck pickled a of piper picked,2.1806304454803467,0.0004367828369140625,88068
254,0254.wav,1,0,3,0.23529411764705882,17,peter piper picked a peck of pickled peppers where's the peck of pickled peppers peter piper picked,the a picked a picked peck of pickled peppers a the peck of pickled peppers peter piper picked,3.3531668186187744,0.0009322166442871094,132798
255,0255.wav,9,0,2,0.6470588235294118,17,peter piper picked a peck of pickled peppers where's the peck of pickled peppers peter piper picked,the a the picked piper picked the a picked of peck of pickled peppers where's the peck of picked peppers peter the piper of picked the,10.065361022949219,0.004086732864379883,414198
256,0256.wav,6,1,4,0.6470588235294118,17,peter piper picked a peck of pickled peppers where's the peck of pickled peppers peter piper picked,the peter of of of the the a of peck of pickled peppers where's peck of picked peppers picked piper picked the,6.007228851318359,0.002342700958251953,233178
257,0257.wav,6,1,2,0.5294117647058824,17,peter piper picked a peck of pickled peppers where's the peck of pickled peppers peter piper picked,the picked of of of a of peck of pickled peppers where's the peck of picked of peppers peter piper picked the,3.8695974349975586,0.0003333091735839844,172278
258,0258.wav,3,1,4,0.47058823529411764,17,peter piper picked a peck of pickled peppers where's the peck of pickled peppers peter piper picked,picked picked of of picked peck of pickled peppers where's the peck of picked peppers peter of picked the,4.465984106063843,0.0006737709045410156,184668
259,0259.wav,3,0,5,0.47058823529411764,17,peter piper picked a peck of pickled peppers where's the peck of pickled peppers peter piper picked,the a picked of of picked peck of pickled peppers where's the peck of picked peppers peter of picked the,3.241823196411133,0.000736236572265625,132798
260,0260.wav,3,0,1,0.6666666666666666,6,peck of pickled peppers peter picked,the peck of picked of peppers peter picked the,1.8054461479187012,0.00018215179443359375,73578
261,0261.wav,3,0,2,1.0,5,where's the peck peter picked,the where's the picked of a peter the,2.5652313232421875,0.0003426074981689453,66438
262,0262.wav,3,0,4,1.4,5,pickled peppers peter piper picked,piper the pickled where's the of of where's,1.5079269409179688,0.000209808349609375,59298
263,0263.wav,4,0,2,1.0,6,peter picked peck of pickled peppers,the the a of peck peck of pickled peppers the,1.8441436290740967,0.00035381317138671875,77148
264,0264.wav,2,0,0,0.5,4,where's peter piper peck,the where's peter piper peck the,2.2725093364715576,0.00032520294189453125,61188
265,0265.wav,3,0,2,1.6666666666666667,3,piper picked peppers,the a picked of where's the,1.4242382049560547,0.00011181831359863281,57618
266,0266.wav,4,0,4,1.3333333333333333,6,where's peter piper pickled picked peppers,piper of the piper of peck of picked the the,1.9439244270324707,0.0006039142608642578,79038
267,0267.wav,3,0,3,1.0,6,the peck of peppers peter picked,the of of of where's picked a of the,1.3811092376708984,0.0001049041748046875,57618
268,0268.wav,2,0,4,1.0,6,where's the pickled peck of peppers,the peter the of of of where's the,1.4039788246154785,0.0002894401550292969,57618
269,0269.wav,2,0,3,1.0,5,peter piper picked pickled peppers,peck the piper a pickled where's the,2.446986436843872,0.0006148815155029297,102348
270,0270.wav,1,0,1,0.6666666666666666,3,peter picked piper,the picked piper the,1.5829353332519531,0.00011682510375976562,66438
271,0271.wav,1,0,1,0.5,4,picked peppers picked piper,picked where's picked piper the,1.9782187938690186,0.00033736228942871094,82608
272,0272.wav,4,0,3,1.1666666666666667,6,where's the pickled peppers piper picked,the where's the picked where's piper of a peter the,2.138563871383667,0.00015997886657714844,89748
273,0273.wav,4,1,4,1.2857142857142858,7,peck of picked peppers piper peter picked,the picked a where's piper of the of a the,2.587280035018921,0.00028514862060546875,105918
274,0274.wav,2,0,0,0.5,4,peter piper picked peppers,the peter piper picked peppers the,2.336333990097046,0.0002257823944091797,95838
275,0275.wav,3,0,0,1.0,3,pickled peppers picked,the pickled peppers a picked the,1.5103821754455566,0.00014925003051757812,62868
276,0276.wav,2,0,2,0.5714285714285714,7,peter piper picked a peck of peppers,the peter piper picked of peck peck peppers the,2.430959701538086,0.0002455711364746094,99828
277,0277.wav,2,0,0,0.5,4,piper picked pickled peppers,the piper picked pickled peppers the,1.9052987098693848,0.0003669261932373047,76518
278,0278.wav,2,0,0,0.5,4,peter piper pickled peppers,the peter piper pickled peppers the,1.661820411682129,0.000240325927734375,76518
279,0279.wav,2,1,2,1.25,4,peck the peppers peck,the of where's a the,2.274106502532959,0.0001666545867919922,93948
280,0280.wav,2,0,2,0.8,5,piper the piper pickled peppers,the where's the piper pickled where's the,2.2421956062316895,0.00021958351135253906,92058
281,0281.wav,5,0,4,1.2857142857142858,7,peter picked piper picked the picked peppers,the a of picked the of a the picked the where's the,2.7106056213378906,0.0004894733428955078,92058
282,0282.wav,2,0,2,0.8,5,pickled piper peppers pickled peter,pickled of of where's pickled peter the,1.8820784091949463,0.00014901161193847656,77148
283,0283.wav,5,1,7,0.7647058823529411,17,piper peter picked a peck of pickled peppers where's the peck of pickled peppers piper peter picked,the where's peter the of a of the picked where's where's the peck of pickled where's piper the the the the,3.4543309211730957,0.0011005401611328125,122088
284,0284.wav,1,0,0,0.5,2,the peck,the peck the,1.4466238021850586,0.0004818439483642578,55728
285,0285.wav,2,0,0,0.5,4,where's the peck peter,the where's the peck peter the,1.4596760272979736,0.00029349327087402344,57618
286,0286.wav,2,0,1,1.0,3,piper pickled peppers,the piper pickled where's the,1.5577874183654785,0.0004658699035644531,62868
287,0287.wav,2,0,2,0.5,8,a peck of pickled peppers peter piper picked,the of peck of pickled where's peter piper picked the,2.0302236080169678,0.00021314620971679688,84498
288,0288.wav,2,0,1,0.5,6,peppers pickled a peck picked peter,the peppers pickled of peck picked peter the,1.968421220779419,0.0003266334533691406,80928
289,0289.wav,1,0,1,0.6666666666666666,3,peter picked peppers,picked where's picked peppers,1.2114667892456055,0.00037598609924316406,50268
290,0290.wav,1,0,1,0.5,4,peck of pickled peppers,peck of pickled where's the,1.3398306369781494,0.0002567768096923828,54048
291,0291.wav,2,0,2,1.3333333333333333,3,where's peter piper,picked a of piper the,1.1671833992004395,0.0001227855682373047,48588
292,0292.wav,1,0,0,0.25,4,pickled peck of peppers,pickled peck of peppers the,1.665818452835083,0.00039196014404296875,66438
293,0293.wav,3,1,1,1.0,5,peter piper picked a peck,picked where's piper a peck peck the,1.6659634113311768,0.0001251697540283203,70008
294,0294.wav,3,0,1,0.8,5,peppers of piper peck peter,the where's of piper peck peter the the,3.1882052421569824,0.0007174015045166016,130908
295,0295.wav,3,0,2,0.8333333333333334,6,peter a piper of a peck,where's the peter of piper of picked peck the,1.900989294052124,0.00018405914306640625,77148
296,0296.wav,3,0,1,1.0,4,peck pickled peter peck,the peck pickled picked of peck the,2.026790142059326,0.0005886554718017578,82608
297,0297.wav,3,0,0,0.3333333333333333,9,a piper of peter picked peppers of pickled peter,the a piper the of peter picked peppers of pickled peter the,3.0123250484466553,0.00030732154846191406,123768
298,0298.wav,2,0,2,0.8,5,of peck a peter pickled,the of peck picked of pickled the,2.2431490421295166,0.0001823902130126953,93318
299,0299.wav,2,1,1,0.5714285714285714,7,piper picked a peck of the peppers,a of picked peck of the peppers the,1.2259035110473633,0.0005576610565185547,50268
300,0300.wav,2,0,0,0.6666666666666666,3,where's peter piper,the where's peter piper the,1.3890364170074463,0.00010275840759277344,55728
301,0301.wav,1,0,0,0.25,4,pickled peppers of peter,pickled peppers of peter the,0.9502222537994385,8.0108642578125e-05,43128
302,0302.wav,2,0,2,0.5,8,a peck of pickled peppers of peter piper,the of peck of pickled where's of peter piper the,1.3569090366363525,9.489059448242188e-05,61188
303,0303.wav,2,0,1,0.6,5,peppers peppers peppers peppers peppers,peppers of where's peppers peppers peppers the,1.3645100593566895,0.00010609626770019531,59298
304,0304.wav,1,0,0,0.2,5,peter peck the pickled peppers,the peter peck the pickled peppers,1.8688969612121582,0.00022912025451660156,54048
305,0305.wav,0,1,1,0.4,5,pickled peter picked the piper,pickled peter picked peppers,1.1570792198181152,9.250640869140625e-05,48588
306,0306.wav,1,1,0,0.2857142857142857,7,where's the peck of peppers peter picked,the where's peck of peppers peter picked,1.8162188529968262,0.00032591819763183594,61188
307,0307.wav,1,0,2,0.5,6,the peppers pickled peter peppers piper,picked peppers pickled peter peppers a picked,1.5845112800598145,0.0003039836883544922,64758
308,0308.wav,3,0,2,0.8333333333333334,6,peppers peck peppers picked peppers peter,peck of where's peck peppers picked where's peter the,1.6629385948181152,0.0002570152282714844,68328
309,0309.wav,11,0,5,1.0,16,peter piper picked a peck of pickled peppers the peck of pickled peppers peter piper picked,the picked the picked piper of picked of peck of pickled where's where's the peck of picked where's peter piper picked the of the of pickled of,7.578200101852417,0.002602100372314453,303108
310,0310.wav,6,2,8,0.9411764705882353,17,peter piper picked a peck of pickled peppers where's the peck of pickled peppers peter piper picked,the the picked peter picked peck picked where's where's peck of of peppers peppers peter a the peck where's peck the,5.260461091995239,0.0018601417541503906,213438
311,0311.wav,6,0,1,1.4,5,a peck of pickled peppers,of a the of peck of pickled of where's piper the,2.749837875366211,0.0008466243743896484,111378
312,0312.wav,4,0,1,1.6666666666666667,3,where's peter piper,picked where's peter the the a the,1.4408924579620361,0.00028061866760253906,57618
313,0313.wav,3,0,2,1.25,4,peter picked pickled peppers,the the a the pickled peppers the,1.6636991500854492,0.0002770423889160156,68328
314,0314.wav,5,0,4,1.5,6,where's the pickled peppers peter picked,the where's where's of peck of the peppers picked of the,1.6445629596710205,0.00029087066650390625,68328
315,0315.wav,2,0,2,1.3333333333333333,3,picked a peter,peck the of peter peter,1.2161521911621094,0.00034117698669433594,45228
316,0316.wav,1,0,4,1.0,5,picked a peppers peck peter,peck the the peppers picked the,1.6526391506195068,0.0005333423614501953,66648
317,0317.wav,5,0,3,2.6666666666666665,3,pickled peppers piper,peck the of of of where's where's the,1.0827968120574951,8.726119995117188e-05,45228
318,0318.wav,1,0,1,0.6666666666666666,3,pickled the pickled,peck where's the pickled,0.9480946063995361,0.0002923011779785156,37458
319,0319.wav,2,0,1,0.75,4,of peter where's pickled,peck of the picked where's pickled,0.9446499347686768,0.00011396408081054688,39348
320,0320.wav,2,0,1,1.0,3,where's peter piper,the where's picked piper the,1.8185935020446777,0.00021457672119140625,73578
321,0321.wav,2,0,3,1.25,4,a peck of peppers,the picked of of where's the,1.648838996887207,0.0003104209899902344,62868
322,0322.wav,1,0,1,0.6666666666666666,3,pickled peter piper,pickled peter peter the,1.6122932434082031,0.00018167495727539062,59298
323,0323.wav,2,0,1,1.0,3,pickled peter piper,the pickled picked piper the,1.8940186500549316,0.00044536590576171875,77148
324,0324.wav,4,1,6,0.6470588235294118,17,peter piper picked a peck of pickled peppers where's the peck of pickled peppers peter piper picked,picked the of of of picked peck of pickled where's where's peck of pickled where's peter piper a picked the,4.246933698654175,0.001514434814453125,173958
325,0325.wav,3,1,2,0.75,8,peter piper picked a peck of pickled peppers,the of piper picked of a of pickled where's the,2.155216932296753,0.0002231597900390625,88068
326,0326.wav,3,2,4,0.75,12,peter piper picked pickled peppers where's the pickled peppers peter piper picked,the of piper picked where's where's pickled where's the of peter picked the,3.182605028152466,0.0005710124969482422,132798
327,0327.wav,3,1,4,1.0,8,a peck of pickled peppers peter piper picked,the of pickled picked where's where's of where's picked the,2.068960666656494,0.0002148151397705078,86178
328,0328.wav,3,1,3,0.7777777777777778,9,where's the peck of pickled peppers peter piper picked,the where's peck of the of where's peter where's a picked,1.8340210914611816,0.00020384788513183594,75468
